Date,AAPL,GOOGL,JPM,MSFT,NVDA
2023-05-24,0.001630717242391827,-0.01363701430310948,-0.00919342798321149,-0.004482637464059751,-0.004899786446747691
2023-05-25,0.00666994002104048,0.021115460408647785,0.00243532225713361,0.037736910541923956,0.21808791729021298
2023-05-26,0.014006575093840791,0.009109768632161385,0.009317451900262194,0.021160173210931006,0.025116449155361063
2023-05-30,0.01060310969135959,-0.007572211703438262,0.003789993548563425,-0.005059510102230313,0.029474568490200023
2023-05-31,-0.0002822661222676418,-0.006489838563690941,-0.012812445881960982,-0.008550703030155206,-0.0584427378591719
2023-06-01,0.015895731000284408,0.006894066193128205,0.013685192668299756,0.01267837930954587,0.04990479973327562
2023-06-02,0.0047638741240187766,0.007649256043483766,0.02078831786256656,0.008443618085084283,-0.01120154555336876
2023-06-05,-0.007599871642367909,0.010691160947712212,-0.009872874431753756,0.0016087495002902923,-0.0039745025721779036
2023-06-06,-0.0020625680919677592,0.010263736625500584,0.0017958311323502162,-0.0067502229377907515,-0.013286651886329447
2023-06-07,-0.007786620605956281,-0.03851413224451665,0.0096421737241928,-0.03135444172556651,-0.030872874892197224
2023-06-08,0.01534694245231129,-0.002943031569248197,0.0002838945591720634,0.00579696244848485,0.02724409639370733
2023-06-09,0.002157525656249504,0.0007366017671653468,0.0019877891913609672,0.004692594324678643,0.006728882483657638
2023-06-12,0.015517810430769685,0.011469565767556998,-7.091205888020502e-05,0.01536534126116717,0.018198047534015466
2023-06-13,-0.0026153987507711654,0.0015355686973507093,0.007208057008143542,0.007326117738681783,0.03826368966750648
2023-06-14,0.0034855122435522574,-0.0012929536644424213,-0.00373880424996128,0.009082509083970439,0.04702183562356034
2023-06-15,0.011136480575574285,0.011416840018085562,0.01124461752721846,0.03139820475828535,-0.008032635693742471
2023-06-16,-0.005877166740774875,-0.01254954744221185,0.0011873483367979343,-0.016714604783245074,0.0009137022640166468
2023-06-20,0.0004865204407358279,-0.003487011342915719,-0.00510858079292289,-0.012581343153969065,0.02580514712909648
2023-06-21,-0.005691582448381506,-0.020932314625597026,-0.0014743062522989717,-0.013370911661514313,-0.01757057555441989
2023-06-22,0.016390356510805087,0.021338538541277503,-0.01944029853706631,0.018269542115699824,-0.0004646683998656518
2023-06-23,-0.0017127304865614855,-0.006599193995380047,-0.005243620955504671,-0.013902392401286488,-0.01914783533765229
2023-06-26,-0.007581599141999039,-0.03324219988209342,0.002445671724098778,-0.019348653851758296,-0.03807751572257894
2023-06-27,0.014946548381973809,-8.444242570582307e-05,7.183414766059542e-05,0.018004898664772652,0.030156805764159404
2023-06-28,0.006308026651463431,0.015513254675118578,-0.004392060851839867,0.003818361849137393,-0.018291035354009923
2023-06-29,0.001794857248837069,-0.009027053675332065,0.0343273017303672,-0.0023848136517641617,-0.00720078213530176
2023-06-30,0.022839653613049047,0.005025100913898967,0.013916648235541023,0.016252715850171042,0.03561339361225896
2023-07-03,-0.007814991293429614,0.0016694805565825256,0.008012426413127447,-0.007516192506978937,0.002620439673444278
2023-07-05,-0.0058886672462261785,0.015311603548480759,-0.006683924019207408,0.0004731182963440937,-0.0022658271488746797
2023-07-06,0.0025055021089879005,-0.013561707530629019,-0.009935896984795908,0.00918436762562716,-0.00506980853475502
2023-07-07,-0.0059086012465276415,-0.005258901340908177,0.007859518347454351,-0.01193833744066721,0.009455420600201917
2023-07-10,-0.010915159187027736,-0.025687149191951274,0.005595988891781304,-0.016112648333046924,-0.007628362573161239
2023-07-11,-0.0028140797056080686,0.0059078487797211855,0.01551821901201848,0.0019266740473244247,0.0053199847030420445
2023-07-12,0.008945441146214756,0.015165241373151077,0.004939450673575668,0.014126683673789733,0.034693595089245105
2023-07-13,0.0040491668406373365,0.04609184199374871,0.004847922067359656,0.016062586103520276,0.04618148576478413
2023-07-14,0.0007870491220184261,0.007041102984994188,0.006027769510104632,0.00750109681597812,-0.011110568571044687
2023-07-17,0.0171575546459684,-0.00615822594395881,0.02381765663029211,0.0014182793095797747,0.021582498981682886
2023-07-18,-0.0013411914700515793,-0.007165676018376035,0.0018239209431300646,0.03902809185522808,0.021990037057661546
2023-07-19,0.0070468092734566065,-0.014077241050106491,0.0038321055910637667,-0.012343097667405451,-0.008818775364558298
2023-07-20,-0.01014863192500154,-0.023464089733442158,0.012242544566701671,-0.02339305397142033,-0.033632821486049486
2023-07-21,-0.006180904917164394,0.006855576073512755,-0.007714693755460844,-0.00897734838815936,-0.026963939735646196
2023-07-24,0.004211410463868335,0.012502792965680713,0.019492490301160435,0.0038904518440537454,0.006815100013823249
2023-07-25,0.004503218906282534,0.00557970857571758,-0.007496324920802157,0.016866023054639565,0.02363586275180748
2023-07-26,0.004534899516863351,0.05616237321921443,0.005976122856734069,-0.03836406765332769,-0.004981832016453978
2023-07-27,-0.006602780812959954,0.0010050416485823583,-0.01109063239788988,-0.021093130625375645,0.009808310804945262
2023-07-28,0.01341748851647524,0.02427807323618836,0.005688105809359328,0.022867879104896127,0.018349108423165752
2023-07-31,0.0031608870246298618,0.0010553127341640868,0.006669641922719083,-0.007266941586861213,-0.0004494030048414618
2023-08-01,-0.004284895512712191,-0.008854570482894824,-0.004950308373111956,0.0012495682855466908,-0.004762240553464291
2023-08-02,-0.01561133166809089,-0.024392431325738713,-0.011389145137378426,-0.026634348524515652,-0.049318016218109786
2023-08-03,-0.0073484694013711774,0.0005450579407999298,0.006094707546489215,-0.0025682861232248604,0.005541548751137456
2023-08-04,-0.0492113553381618,-0.002650443230393825,-0.00211300176807746,0.003422886018609813,0.0036997654307352225
2023-08-07,-0.017404359988450236,0.026345768782195012,0.004731687631926591,0.007083122259175441,0.016360660068047688
2023-08-08,0.005297532506493305,-0.0009891089990625814,-0.005629438009837137,-0.012375191049754517,-0.016718823888793647
2023-08-09,-0.008994448858462243,-0.013330363306134673,-0.013498457310835371,-0.01178493179277421,-0.048393969534998624
2023-08-10,-0.0012354357946028072,0.00023147056580212833,-0.0014966495020231041,0.002169868377694736,-0.00390847218104668
2023-08-11,0.0003374439755068387,-0.0010030304797360257,0.005779175571042366,-0.005963468902909456,-0.03683619580501452
2023-08-14,0.009349457682016856,0.01356916386601131,0.0020696659641398292,0.009394972706323432,0.06853106752099544
2023-08-15,-0.011263670018672919,-0.011872398625063833,-0.02578672965506027,-0.006750579112865824,0.004264829493147599
2023-08-16,-0.0049712930468385425,-0.008356571462034139,-0.0042522029197708255,-0.0024315843752422384,-0.010385895709351
2023-08-17,-0.014662164622869173,0.00943475873811673,-0.010441193194556986,-0.011046786498959104,-0.0032708168286155487
2023-08-18,0.0028121840506568226,-0.019116343590221855,0.002284828169032281,-0.0012631694608963072,-0.0010388099705005496
2023-08-21,0.007707035348332043,0.007113961789083705,0.0034177007577694284,0.016918646664699787,0.08131575897051788
2023-08-22,0.007873838984769059,0.00551587077342304,-0.02095663641352297,0.0018004424834023387,-0.028047385893910915
2023-08-23,0.021711386660369182,0.025168545542113674,0.0067405092732616394,0.01398090606447969,0.03121480867714655
2023-08-24,-0.026518896420990173,-0.019760221790481227,-0.0009506899992917812,-0.021732848261579642,0.0009968671469809524
2023-08-25,0.012563690971127457,0.0007700154620553033,-0.0012230147057669693,0.009363367375900876,-0.024576946734734463
2023-08-28,0.008807432541517175,0.008662753949350468,0.003462247265714631,0.002226718484226638,0.0175981330162426
2023-08-29,0.021575810531069516,0.02681100767238291,0.008099167464685643,0.014445468631325934,0.04077155928746628
2023-08-30,0.018990576456275086,0.009687586749923741,-0.004041274668945223,0.0011565374177541317,0.009791291875771664
2023-08-31,0.0011718085742274424,0.002131888647906973,-0.012428764118259982,-0.0031376433571273224,0.001845604930293286
2023-09-01,0.008427492852222029,-0.0037521933111648456,0.003343322492358871,0.0027421937347682068,-0.01728999550450703
2023-09-05,0.0012661089459235998,0.0008104238470328719,-0.011095430899215409,0.014768980260704442,0.0008036806739809338
2023-09-06,-0.0364496597311444,-0.009695588311402641,-0.0016542134700637723,-0.0020106675401471855,-0.031025900532002132
2023-09-07,-0.029685554899949337,0.005932206091370331,-0.008590862478025948,-0.008962294322335867,-0.01757771031032221
2023-09-08,0.003485550125191378,0.008246408137863512,0.0007652038067001501,0.013129099993932714,-0.014573458191828922
2023-09-11,0.006600916236609142,0.003951442442000533,0.004370510470988896,0.010919539828065367,-0.008683118433882834
2023-09-12,-0.017208071470629478,-0.011606560896196648,0.01292999856007248,-0.01842654813353017,-0.006840912887874915
2023-09-13,-0.011925358149687114,0.01007183742706021,0.00047823796497912054,0.012847835802887744,0.013613105384442608
2023-09-14,0.008744042764255519,0.01011613055899732,0.019211962145592936,0.007825056057529619,0.0021085094141499038
2023-09-15,-0.004162641212089759,-0.005081887381291035,-0.0029525620945553372,-0.02535580199766842,-0.037576715092949256
2023-09-18,0.016772060215315458,0.005878109389104508,0.002080995044482037,-0.003518909356426303,0.0015023387257922004
2023-09-19,0.006161712611995136,-0.0012309037323135746,-0.0012749453227830106,-0.001246738162323528,-0.010196134183883153
2023-09-20,-0.020194761682344204,-0.031645908437906344,-0.00423905534387204,-0.02426895299497922,-0.029876566788323674
2023-09-21,-0.008929243538712066,-0.024984150351314884,-0.007852732215523172,-0.003873368000085978,-0.029357431876123146
2023-09-22,0.0049322632985983805,-0.001457697471864057,-0.009629175171681888,-0.007917802122412136,0.014353930790103556
2023-09-25,0.007353342486292433,0.0065809899499549756,0.004928784115506021,0.00167052173911818,0.014600797788972738
2023-09-26,-0.023676552714194825,-0.019563172025690034,-0.010433244731162443,-0.01715187602056805,-0.007392925758263483
2023-09-27,-0.008937205895489613,0.015206118253401556,0.005847687201618515,0.0020801405035269257,0.01320260275925658
2023-09-28,0.0015242569255760376,0.013467978974122162,0.012339589486927373,0.0027139311266942286,0.014516832517508623
2023-09-29,0.003041922434097799,-0.01101957691577458,-0.017566525514946,0.006704599375845608,0.009470122858687412
2023-10-02,0.01472663608805018,0.024979605658125487,-0.008656815380249542,0.018979663545057965,0.02906843351091795
2023-10-03,-0.007800015128379667,-0.013053578067867373,-0.007400161667706731,-0.026481813138814786,-0.02865483003966685
2023-10-04,0.007281766235805585,0.020996937423846285,0.0044744666869869845,0.01761723671602651,0.011969486614798632
2023-10-05,0.007172234790902963,-0.0012577248452085425,0.004207705948388594,0.0012532565575260424,0.01458402142193713
2023-10-06,0.014642939832367483,0.018412294945449548,0.015277936363903446,0.02443606241616646,0.023749050072950893
2023-10-09,0.008415510624078606,0.0060870886436175265,-0.0022768965837201144,0.007791937790315653,-0.010743237554409155
2023-10-10,-0.0033577451886481983,-0.0026043279749178305,0.0060603519950431116,-0.004345025222718714,0.011529558053781953
2023-10-11,0.007872761911028384,0.017874927359648442,0.0034269268056360694,0.012197323553582521,0.021771100729283756
2023-10-12,0.005048785963429866,-0.01130520625272249,-0.002329009880038795,-0.0037974243342198412,0.002965177305881327
2023-10-13,-0.010346326325054332,-0.011652861194405196,0.014907822395917017,-0.010411658867068883,-0.032121818059988386
2023-10-16,-0.0007271963264735875,0.012588005713932818,-0.001014003394154497,0.014870748993843509,0.013849572465054876
2023-10-17,-0.008823590106633536,0.0044472933505246125,-0.002166802710058581,-0.0017452942021679953,-0.047924896538504055
2023-10-18,-0.007422030270674796,-0.012676757753766069,-0.011041443637222342,-0.0058896681702331685,-0.04045414407164587
2023-10-19,-0.0021634341411191395,-0.0015231452226930609,-0.004258412893734692,0.003658760974193852,-0.002253639387102488
2023-10-20,-0.014813436215699322,-0.015731139571948292,-0.016236755629941476,-0.014134057900089632,-0.017104941937119155
2023-10-23,0.000693876430100429,0.006615136383139471,-0.013734929613752975,0.008079372621561448,0.0376518391473409
2023-10-24,0.0025402507871394547,0.016781344983971665,0.001204850441705229,0.0036675215238057,0.015882330491769115
2023-10-25,-0.013583600596379065,-0.09992399825458086,-0.005469377138110469,0.030216694471899657,-0.044107320135577034
2023-10-26,-0.024913408154249774,-0.026868438311156328,0.002560668868544809,-0.03823594673297684,-0.035397209548767274
2023-10-27,0.007937560366891437,-0.0008999964292953785,-0.036683322647353245,0.005838407323767149,0.004305628944966297
2023-10-30,0.012230528080565569,0.018570773161078944,0.012669065107451784,0.022485779813565736,0.016189128591066058
2023-10-31,0.0028146414453608555,-0.0030577318277961413,0.011863610990170715,0.002368926179578253,-0.009299434448080728
2023-11-01,0.018565419819928458,0.01892043899508159,-0.0008633353508035289,0.02326980184022925,0.037186301964535304
2023-11-02,0.020481940066094335,0.008190868032986322,0.01769222441748408,0.006480502452424725,0.02752086451736669
2023-11-03,-0.0051945376934395895,0.012549542135025508,0.011110360784825855,0.012779721248155478,0.03387471060799861
2023-11-06,0.014499487723549752,0.008868310683915725,0.0075239595289869066,0.010517038379584634,0.01644007333504058
2023-11-07,0.014347325107277582,0.005512593835956146,-0.0004859925005006407,0.011156658417953725,0.004449006605043577
2023-11-08,0.005867741536606465,0.006620549990073658,0.00491811714597863,0.007378629105625034,0.013379808819509452
2023-11-09,-0.0026281255189506665,-0.012209805510905825,-0.002975562671269518,-0.0069347236030926325,0.008040656514919097
2023-11-10,0.022954796395978864,0.01788262244337966,0.014722186083032518,0.024591792587420436,0.029072673321303005
2023-11-13,-0.008620912201888672,-0.003778105932712026,-0.0044488678499412645,-0.00812132706081099,0.005879203628517064
2023-11-14,0.014184756131324321,0.01151631002932161,0.018082341579389507,0.009742910710862652,0.02108422721499248
2023-11-15,0.0030361605642349214,0.007456183497607093,0.0087196296252224,0.0004059742323992388,-0.01558718985064725
2023-11-16,0.009001502898156917,0.017013828951528556,0.011354940120075402,0.017430490706323534,0.012036439304945183
2023-11-17,-0.00010534425230150193,-0.011901286265471774,0.009005578257330055,-0.01694375778641358,-0.0036848906126611203
2023-11-20,0.009235488103052242,0.006922893297056818,0.0030704472573573377,0.020314105126983936,0.022286104339818
2023-11-21,-0.004239925638913438,0.005270475817769123,-0.002089615846736911,-0.011645466953775888,-0.009267369502988286
2023-11-22,0.0035083440075817417,0.011036179572864391,0.002350602997438098,0.012731075141379332,-0.02489486876627267
2023-11-24,-0.00702887737740852,-0.013082553349342742,0.001368751428200963,-0.001112066987565073,-0.01948408369443915
2023-11-27,-0.0009480935384383297,-0.002050570010642255,-0.0022823994617119704,0.0031215065153727406,0.009706689213162038
2023-11-28,0.0032089645323691517,0.005774654454590188,0.0022823994617119777,0.010744840114274503,-0.00876517608044771
2023-11-29,-0.005424304430597905,-0.016238864371117438,0.005067400321789805,-0.010111096625437088,0.006648597982725485
2023-11-30,0.003058070901919083,-0.018391663296902692,0.011340181553814385,0.00015822945298975247,-0.028871594847516852
2023-12-01,0.006768288640098551,-0.00506837558358145,0.004857386329210821,-0.011680018730381886,-0.00010676458981312294
2023-12-04,-0.009509581781860264,-0.019837530375783605,0.007305491877414771,-0.014442576640524672,-0.027203073252834636
2023-12-05,0.020844357048957807,0.013217872013231569,-0.00012643216304240396,0.00911459110422425,0.023026567579011312
2023-12-06,-0.00570328129554739,-0.007432838077589141,-0.010564106740116028,-0.010036093916213946,-0.023092331418905154
2023-12-07,0.010088306498941295,0.05178160617491904,0.003066310268326494,0.00581266882496037,0.02373624665543308
2023-12-08,0.007385061938063006,-0.014269070854293766,0.010973340639110993,0.008803418551594234,0.019341294674370315
2023-12-11,-0.013011633300328375,-0.012673502092821457,0.003652141308224273,-0.007860274014893137,-0.018676181714952396
2023-12-12,0.007888813099079678,-0.005793852256459856,0.008885741661628473,0.0082609735030812,0.021849802109922205
2023-12-13,0.016553871631518672,0.000377469574770143,0.0033584211057532077,-2.6758165189254484e-05,0.009003058940451676
2023-12-14,0.0007573350289821401,-0.00476350607193001,0.018028411956934613,-0.02280239807017386,0.00543365353132885
2023-12-15,-0.002729453846676492,0.004989548164065007,0.007532892055711816,0.013031921502747493,0.011106710239114938
2023-12-18,-0.008539662273787873,0.02384624041116033,0.006033980410998989,0.005165484657313618,0.023988801857017038
2023-12-19,0.005345789636106834,0.006239475766386971,0.013266515434494025,0.0016357936915714724,-0.009490394557254506
2023-12-20,-0.010771633915481593,0.012291630652134877,-0.01134323248104887,-0.0070980526095891896,-0.030560566127821168
2023-12-21,-0.0007702482824904273,0.014923567688971138,0.005687555520134567,0.007847737852732373,0.018105369725710627
2023-12-22,-0.005563036113516176,0.007591035832638846,-0.0005969866875931238,0.0027802874869668768,-0.003271285010173046
2023-12-26,-0.0028448433566448726,0.0002121193432037172,0.005896592018589609,0.00021367618157830623,0.009153090318895496
2023-12-27,0.0005176867907619238,-0.008159190289771794,0.005980131889555681,-0.00157619808641611,0.0027964081929838297
2023-12-28,0.00222400882187377,-0.0009978804095390375,0.005298679318442033,0.0032295852676359972,0.002122651587374122
2023-12-29,-0.0054391497724842275,-0.003858211962389273,-0.0011751550492294187,0.0020231865826455535,0.0
2024-01-02,-0.036442588354525914,-0.01094096408364623,0.011573143748263227,-0.013844113939703199,-0.027722261386769455
2024-01-03,-0.0075157467190681655,0.00541351779924519,-0.0043680473214936484,-0.0007282213436565602,-0.012513506262829427
2024-01-04,-0.01278140467221301,-0.018379918461127055,0.006614146252579199,-0.007203295817768423,0.008978048932605938
2024-01-05,-0.0040212335729177175,-0.004850901680690024,0.005004825348750412,-0.0005166691893354198,0.022638647684884643
2024-01-08,0.023887366924360293,0.022654661728735703,-0.0014524436160458973,0.018695687643783154,0.062299365788037464
2024-01-09,-0.0022658143004076507,0.015083197754496368,-0.007937342322365837,0.0029314748812525903,0.016832585305361754
2024-01-10,0.005655228727822914,0.009391470450277837,0.002107315658865735,0.018403778092409465,0.022514640697432822
2024-01-11,-0.0032277608910044977,-0.0014065860378362105,-0.004219081476557265,0.004847640098929866,0.008646933564097133
2024-01-12,0.0017765493327085583,0.004003873268956846,-0.007367024593780909,0.00993420031572939,-0.0020449821497270067
2024-01-16,-0.012393554174829968,-0.0011221688310065786,-0.006289870822554058,0.004622840845503088,0.03010338187130595
2024-01-17,-0.005186929790691773,-0.007184166484735253,-0.005372164181386975,-0.002052064538037972,-0.005852172219245712
2024-01-18,0.032051622406944244,0.0141079110268916,0.0019731110523867833,0.011234124035984396,0.018628962425400134
2024-01-19,0.015413467043728729,0.020010381832949738,0.01711460629804573,0.012113128744686463,0.04089837095284373
2024-01-22,0.012089771962100378,-0.0026679036579159085,-0.0011749386183130348,-0.00543275387500136,0.002736267844152829
2024-01-23,0.006631365644700164,0.007166456332335766,-0.00660574482399904,0.006009427940564445,0.003664290521899684
2024-01-24,-0.0034899924855061326,0.011226197011859935,0.008895748142391099,0.00913338825587262,0.0245651018258829
2024-01-25,-0.0016980340589843835,0.021094125252314314,0.01420942965457042,0.005721996157257449,0.004147124713615477
2024-01-26,-0.00905371386895196,0.0021048876971609108,-0.0038236133693178727,-0.0023245199125967748,-0.009555965578195793
2024-01-29,-0.003592374193867146,0.008635830518293095,0.002608442565838713,0.014232428297494567,0.02322453940773922
2024-01-30,-0.01943341612008637,-0.013443995152215274,0.020287451288039757,-0.0027617821875875236,0.004934513488334453
2024-01-31,-0.019547394926627323,-0.07796508021028498,-0.010894893203076409,-0.027316146605270566,-0.020064818983156287
2024-02-01,0.013252355363362668,0.007537466845702987,-0.0036198034916134257,0.015473888990573826,0.024087055238473182
2024-02-02,-0.005419735341022806,0.0086054844527477,0.00573971270012185,0.0182583759616476,0.048512879530706744
2024-02-05,0.009798609073360227,0.009089126937717582,-0.0013173866897137874,-0.01363762320220969,0.04683057568183143
2024-02-06,0.008594589967045856,0.002918739224808916,0.003432537102470998,-0.0003946634042271814,-0.016124914032451993
2024-02-07,0.0005808972499259666,0.009943434414165982,0.0018828441680053154,0.020890523590440937,0.027126793697467944
2024-02-08,-0.005771440767838833,0.002539288953435665,-0.00359741096731812,0.0001450792534592771,-0.006555021140875214
2024-02-09,0.004085842939341167,0.020956181250365632,0.0012005145091231427,0.015431669767991239,0.035158174538428
2024-02-12,-0.009042714055622337,-0.009914842951799898,0.004446972508812392,-0.012658552833645396,0.001593000105388709
2024-02-13,-0.01133852450969316,-0.0163327421772582,-0.008741539157533779,-0.021763758208691985,-0.0016623231793582319
2024-02-14,-0.004821308717307259,0.00549678191627889,0.010105925345901205,0.009618967199639552,0.024270643649111894
2024-02-15,-0.0015760698006146141,-0.02196040461771922,0.02157985486734214,-0.007180923536428226,-0.016949432055133135
2024-02-16,-0.008465978909049038,-0.015885194209749452,-0.004680978206526455,-0.006168116694313392,-0.0006195699479024357
2024-02-20,-0.004122452630953853,0.004260625955778768,0.0039022461523121636,-0.0031480708807317156,-0.044508158720630485
2024-02-21,0.004177315290668038,0.010082303280188871,0.006488737788090582,-0.0015155248887627527,-0.028923055597244757
2024-02-22,0.011181089705893892,0.010745168221583465,0.011924507330163618,0.023273530039106108,0.15186990854968307
2024-02-23,-0.010084805876248626,-0.0009024243651695006,0.005012627085544122,-0.0031873284074159245,0.003546149629343147
2024-02-26,-0.00747898236401279,-0.04540279747086731,-0.003430105424201165,-0.0068469100581775725,0.0034829465081742486
2024-02-27,0.008081443457252065,0.009477549658794809,0.0004908232604557083,-0.00014729855206569703,-0.00495588497601332
2024-02-28,-0.006647374233095709,-0.018165033739715647,0.00505679965598968,0.0005887594206445204,-0.013277043510316647
2024-02-29,-0.0036999188699061505,0.015136201624262635,0.009070097273196508,0.014415500702673079,0.018485878660210394
2024-03-01,-0.0060486138299709795,-0.009579016517678134,-0.004147080603906649,0.004486478302304744,0.039251201974542425
2024-03-04,-0.025709078720566617,-0.028025231201978827,0.007473897639069306,-0.0013969072127289514,0.03531959969401716
2024-03-05,-0.028853249483777006,-0.005112504496429538,0.009967369213609826,-0.03001798112934009,0.008539958037789001
2024-03-06,-0.0058954427776819595,-0.009618800364373195,0.005184099226176221,-0.0013917827651630861,0.031331309736342954
2024-03-07,-0.000709878355462199,0.022425690494893614,-0.008797112712810966,0.01738148981465219,0.04377408654823956
2024-03-08,0.010184797437249824,0.007635520217972666,0.0018612145218150826,-0.007162549759264813,-0.057075343530245064
2024-03-11,0.011762008356213525,0.01655250007738782,0.00037179356123312143,-0.004193863681978694,-0.02024267010464444
2024-03-12,0.0027746504855502363,0.006010919723607506,0.008198314984846298,0.026252019785322663,0.06912661441529622
2024-03-13,-0.012196524643940934,0.009270700790282771,0.008079535525800673,-0.00043349729025043065,-0.011214579055921369
2024-03-14,0.01086798009486437,0.023402392801958365,-0.01797875377438353,0.02408719408186923,-0.0329277890193749
2024-03-15,-0.0021989154305977346,-0.013507942083040035,0.012319500602948128,-0.020912270985839566,-0.0012173551720930842
2024-03-18,0.006352189234399431,0.04501198137192169,0.01232514220141579,0.0021589011774388774,0.007011140262559909
2024-03-19,0.013493630317425565,-0.00441089215114618,0.005848067755640405,0.009752999118305922,0.010604431809230826
2024-03-20,0.014602127997851762,0.011562966872949469,0.013021876540469164,0.009023812500712108,0.010835993836015296
2024-03-21,-0.04171568168830152,-0.007693839239850593,0.013809328816727582,0.009688816635656825,0.011693940785817052
2024-03-22,0.0052962330317992525,0.02124956874431034,-0.012333447647437863,-0.0014682832842203197,0.030736155514798878
2024-03-25,-0.008335100353999966,-0.004653629468144594,-0.009196654196943805,-0.013809585533377551,0.007533360048139961
2024-03-26,-0.006694781385528621,0.003990237206647811,0.004659897982114947,-0.0028654572730719644,-0.026029952453904562
2024-03-27,0.02099056665445265,0.0013263447254434047,0.019178433310945212,-0.0005219961143408386,-0.025284242403801668
2024-03-28,-0.010615091184555864,0.0003977237124660667,0.00390174909888175,-0.0016861561127013136,0.0011737587138786606
2024-04-01,-0.00849179526148303,0.02976532003225514,-0.006812855674945175,0.009109421881015784,7.746947362360897e-05
2024-04-02,-0.007023521849151008,-0.005999162332802547,-0.0004022811115418497,-0.007399392091893273,-0.010132787376986259
2024-04-03,0.004785972349783131,0.0023266269771362405,-0.0028200237663541664,-0.002351787109790247,-0.005470284414556003
2024-04-04,-0.004904187933610393,-0.02874658754417585,-0.007637594648031133,-0.006131368681943517,-0.034989926047755276
2024-04-05,0.004491575920656114,0.013002336902809353,0.009158074014486105,0.018117550569217985,0.024185866055197704
2024-04-08,-0.006685892053219783,0.01529229401912433,0.005202990960508635,-0.0021878284290346908,-0.009992179682986066
2024-04-09,0.007216504688834528,0.011237691785320572,-0.006723551058921539,0.003972342944427677,-0.020628413260556238
2024-04-10,-0.011201780085346752,-0.002941601080592309,-0.008557934851614825,-0.007109775706253872,0.019549092085809943
2024-04-11,0.04236098357155018,0.02072645491715922,-0.00020456259344632174,0.010973013695115944,0.040274495758247715
2024-04-12,0.008589550297288771,-0.010594694923077479,-0.06686437610526737,-0.014191345280276157,-0.02718255105792657
2024-04-15,-0.022106066025682315,-0.018363372306873012,0.0005469380334044332,-0.01977221206457094,-0.025089314990546674
2024-04-16,-0.019353377803289405,-0.0029748013694604124,-0.011493441751666817,0.002269874118905651,0.01630794491877287
2024-04-17,-0.008180592128471815,0.006906079697036417,-0.003990372595171858,-0.006630961981583445,-0.039433471642223376
2024-04-18,-0.005730788589594149,0.0034673855343163905,0.006476227794410459,-0.018552026677077584,0.007539619481129854
2024-04-19,-0.012287855352796015,-0.012383193171277606,0.024793501616990146,-0.012820849488091503,-0.1054115459421473
2024-04-22,0.005078130144215655,0.014112289355152107,0.0192431997582274,0.004599365970816529,0.042621986917004744
2024-04-23,0.006371151742198402,0.012589922368139373,0.014310277062644533,0.016351163340047326,0.035881075034019445
2024-04-24,0.012622353885757973,0.0054823306175996785,0.0048803434224060456,0.0036490463532459407,-0.033883494884850915
2024-04-25,0.005134018282104369,-0.01986545087399142,0.0015008158456442761,-0.024800174254709626,0.03641611503670675
2024-04-26,-0.003478857353344832,0.09734775862146841,0.0006203434584453431,0.018079505804737526,0.059923871751031595
2024-04-29,0.024505338475845476,-0.034312836155032736,-0.001085833137862172,-0.01006717579063351,0.00025072734550537633
2024-04-30,-0.018439779681449553,-0.020491313569384807,-0.007999616704191333,-0.03264658356149107,-0.015560860032680536
2024-05-01,-0.006065558794395906,0.006612743752407816,0.0006256153716897549,0.014306595731865568,-0.039676495923526886
2024-05-02,0.021792553239887245,0.016703213654007742,-0.001042992877929823,0.007316025669355722,0.03288269432172872
2024-05-03,0.05809573696881521,0.0037142977657450755,-0.006018286704002093,0.021927644135855334,0.034045624795518974
2024-05-06,-0.009148388673404355,0.005129229465350481,0.007790711295277023,0.01677671205073688,0.03704643177509847
2024-05-07,0.003789918408074194,0.01856532927922458,-0.0013030012759123217,-0.010208273612118703,-0.017362807051781008
2024-05-08,0.0018623879852976016,-0.01097969946049127,0.020134931021852657,0.0029273742855689374,-0.0015692101969917937
2024-05-09,0.009964429318463449,0.003418376775438609,0.009411396944906805,0.004326367292965464,-0.01858739297583987
2024-05-10,-0.006914127495957038,-0.00773760735899646,0.0064096812821129705,0.0058521430536760165,0.012663499417981386
2024-05-13,0.01749171543855879,0.0029013579826208374,-0.0002012461653001306,-0.002462403727265469,0.005780094896002099
2024-05-14,0.0061544292337170105,0.007069344485244217,0.013891757892133774,0.006840998050152121,0.010530742637778406
2024-05-15,0.012143893649810824,0.012658914358797752,0.00297331727908248,0.017332831234390507,0.03521052965033647
2024-05-16,0.0006321667142054694,0.009634044367182735,0.0017794416607997956,-0.0049521713616111265,-0.0028678550132319523
2024-05-17,0.0001580805810538479,0.010735623953024296,0.011393300733491683,-0.0018545255571028063,-0.02012519764200357
2024-05-20,0.0061431535881281705,0.004872897868508336,-0.04601541358274952,0.012134344143215911,0.02457694191004482
2024-05-21,0.006833891013487515,0.0052427696951880135,0.019944987523323424,0.008661401223821235,0.00637341371967343
2024-05-22,-0.007566970853530966,-0.008299808435080427,-0.006082965174859117,0.0034434619204258103,-0.004581366755994511
2024-05-23,-0.021282937189632662,-0.016174790068567414,-0.0070340022961965,-0.00820957192261841,0.08910582315947413
2024-05-24,0.01645195447931619,0.008262887914284657,0.019063557940506407,0.00737309298107118,0.025397536555960828
2024-05-28,5.2819491506385054e-05,0.008025289393193843,-0.006046870131722591,0.00037190282540219984,0.06747574082922525
2024-05-29,0.0015776271345335673,-0.002838632594536663,-0.006991818341900295,-0.002675924561714929,0.008079565853126592
2024-05-30,0.005241363392217778,-0.02178154536357272,0.006139234579297171,-0.034370203233193126,-0.03839366516891213
2024-05-31,0.005006148142359229,0.0022632928504347605,0.01642002847697655,0.0011087714315801138,-0.007877143610871136
2024-06-03,0.009216078547136816,0.0038766069574458677,-0.004005349486536366,-0.0038859030804370004,0.04779359663023596
2024-06-04,0.001647996604774561,0.0035739693718108644,-0.013267910355241087,0.006147520223264982,0.01241840934645061
2024-06-05,0.007790419962818257,0.009278325646273811,-0.009585831868268696,0.018903724939044592,0.05027079407050382
2024-06-06,-0.007121708715896636,0.007497018774884128,-0.0017757201567912178,0.001201998126632183,-0.011847145972777882
2024-06-07,0.012315760582051203,-0.01292763416935049,0.015320395012742787,-0.0015794365279313892,-0.0009095327989363029
2024-06-10,-0.019333291441895023,0.004294674968859972,-0.0017018931988695132,0.009439704959640471,0.007433799277296892
2024-06-11,0.07013120684133915,0.009157316934129233,-0.026653239394406187,0.011179058375908662,-0.007169627625306135
2024-06-12,0.028177642250046556,0.006602559270524458,-0.014667731008404308,0.019182486577390852,0.03486587386706071
2024-06-13,0.005476159558594507,-0.014903150091265869,0.011059752534664435,0.0011782331471069823,0.03461748735557268
2024-06-14,-0.008202021873541467,0.009262605075381672,0.000619250442498707,0.0022394131606413977,0.01736259043619188
2024-06-17,0.01948054074837888,0.002542330586529463,0.006173626888487589,0.013020157625214546,-0.006847780905889778
2024-06-18,-0.01104513847288329,-0.012204638141171556,0.010306668315330928,-0.004537595565134662,0.034517081960814766
2024-06-20,-0.02174780038608802,0.006886892582729045,0.008441520567883139,-0.0014350498650836793,-0.03604532987776046
2024-06-21,-0.010499247171168262,0.018712145350878572,-0.012001224659916888,0.00911250435113636,-0.03272093803874942
2024-06-24,0.0031275946812380786,-0.002285156566092263,0.013057614198730805,-0.0047022414045277405,-0.06917920340784847
2024-06-25,0.004458485031817477,0.026484690231552886,-0.004081187927687436,0.007300110714339711,0.06537958027269454
2024-06-26,0.019795851684656685,-0.0008154162823396934,-0.0032363855293418425,0.002679644452261746,0.0024556807237129507
2024-06-27,0.0039779950993105665,0.008286444404128063,0.00877457251716663,0.0015249079017873265,-0.019250668173107416
2024-06-28,-0.016387587129391017,-0.017739212050040355,0.015395463052942364,-0.013114291246655065,-0.0036359285235931485
2024-07-01,0.028689085001312196,0.004601013061944494,0.01564850990132262,0.021645640153237118,0.0061330259546738325
2024-07-02,0.016109410326762216,0.012220682185889781,0.016317994808272087,0.005567535909328383,-0.013200150672333495
2024-07-03,0.005794185025533637,0.003126217932428959,-0.0006707019585167676,0.003239100290104603,0.04471745812347426
2024-07-05,0.02139003068536324,0.025398627177199384,-0.013339014992585121,0.014628603653647732,-0.01928342629361985
2024-07-08,0.006517597481562641,-0.008271321911175173,0.001853826002517826,-0.0028271259422036764,0.018659518907375754
2024-07-09,0.0037677402291074725,-0.00026440752866677407,0.011918829346597761,-0.014474422716099855,0.02450257365244056
2024-07-10,0.018628990350773394,0.01157400499519729,0.0008183487667007391,0.014495963082314794,0.026514046042048243
2024-07-11,-0.0234947384253238,-0.029783085149604004,-0.0016858176053018742,-0.02508407643286073,-0.05727629813001443
2024-07-12,0.012966478166253327,-0.0026981458231497943,-0.01217295980832955,-0.0025324704992928672,0.014339560352498804
2024-07-15,0.016604711122952226,0.007858023080108393,0.024628388456002816,0.0009036391900479205,-0.006209326326608243
2024-07-16,0.0017902229924366536,-0.014091408995063854,0.016853051965962117,-0.009828823344722048,-0.01632699013484076
2024-07-17,-0.025621370033234572,-0.01589320648430674,0.015099318465414416,-0.013437383823618768,-0.06853523518350149
2024-07-18,-0.020748689783322366,-0.018567031508763814,-0.03228587778201172,-0.007127604725675108,0.02593430128136712
2024-07-19,0.0005796879593553626,-0.00016891667669406552,-0.000952898639086863,-0.007430414246853734,-0.02644271988433967
2024-07-22,-0.0015613799510992505,0.022320221050086943,0.002380734412940726,0.013249399465881247,0.04647366231137913
2024-07-23,0.004677118714061692,0.0006603367094518141,0.00023768674759935078,0.00430293082596118,-0.0077195119029815264
2024-07-24,-0.029175686237618514,-0.05170158346687037,-0.008307152504663027,-0.03651336357536553,-0.07045644582697647
2024-07-25,-0.004816062480520214,-0.031481557847022064,0.0003834431220798159,-0.024785919260662734,-0.017393319201030006
2024-07-26,0.0021587301442898927,-0.001675284444683184,0.016963718181124805,0.016286346347619152,0.006922975071752878
2024-07-29,0.001283780383998166,0.015036303416690235,-0.006570674182995608,0.003427229659244404,-0.013087280208644492
2024-07-30,0.0025626973882835686,0.0044728033450287304,0.020374284045879657,-0.008968430470839726,-0.07304004280056588
2024-07-31,0.014879605478295923,0.007313454912295922,-0.011168562421138471,-0.010864725955591608,0.12055340227612443
2024-08-01,-0.01689265566757508,-0.004557213068198996,-0.023006953290605717,-0.002968379937002411,-0.06907216489355981
2024-08-02,0.006845920100064654,-0.02430317242442403,-0.04333779211568261,-0.020882635576146266,-0.017923675903090804
2024-08-05,-0.04936570244789996,-0.045480436144423264,-0.02152136100977667,-0.033201868017701225,-0.0656887663766452
2024-08-06,-0.009796050640925036,-0.006046650430060735,0.02752925700619123,0.01122355149494561,0.03713179923035044
2024-08-07,0.012420842045709002,0.0040979111543715,0.0002993980541583097,-0.002957171901107422,-0.05258157453273858
2024-08-08,0.016496458422253012,0.019254849895303936,0.0180986184954106,0.010635223699256395,0.0594642094418183
2024-08-09,0.013642437734129192,0.010070668844146204,0.008490862866518728,0.008235223011291221,-0.0020979675411853293
2024-08-12,0.007104625828734811,-0.008467416129206061,0.0018934079755464287,0.0019439650442274626,0.03995474051788752
2024-08-13,0.017046976914585166,0.011456682831545507,0.008451472553066367,0.017543870365864994,0.06326501536114904
2024-08-14,0.0020315956757248578,-0.023357906036409883,0.011000111221498363,0.0068603183803672045,0.016566056612534748
2024-08-15,0.013439780084049975,0.005782411665444734,0.006211671867678028,0.01175435520268586,0.03968311859390376
2024-08-16,0.005901075846388807,0.010238709546047128,0.011374304693821852,-0.006098887628170807,0.01390257161270977
2024-08-19,-0.0007080762759525837,0.022511107737383643,0.006892998472132576,0.007285778471541303,0.04258631776732132
2024-08-20,0.0027408714725653876,0.003055411389503449,-0.004325786009551056,0.007727550712609546,-0.02138065798262926
2024-08-21,-0.000485658027281605,-0.007987439306118168,0.00037299303659901376,-0.0015547613945089145,0.009775067082842502
2024-08-22,-0.008293985694969362,-0.012437740286022217,0.0094148600077507,-0.020460835110684777,-0.037746252142804554
2024-08-23,0.0102356108494919,0.01104987845590088,0.007725168878674205,0.0029797222204393957,0.04449388275569044
2024-08-26,0.0014976335419390173,0.003255206684571276,0.003931610812616268,-0.00794930402047315,-0.022750482148592467
2024-08-27,0.0037345363947244984,-0.008947019619619684,0.004597669494144433,0.0008461926047386085,0.014445323827678682
2024-08-28,-0.006776303741742288,-0.011174638476837893,0.005028720034079402,-0.007859919435188299,-0.0211894165348478
2024-08-29,0.014464943471219974,-0.006592000030815287,0.004148918831917555,0.006118585124450875,-0.06597794410175065
2024-08-30,-0.0034437631846588068,0.009841348474960075,0.011588244940638936,0.009683792815548002,0.015023997596487669
2024-09-03,-0.027581988382340807,-0.03754262225129642,-0.020220895310098342,-0.018631570149792203,-0.10009672211145504
2024-09-04,-0.008656256505003552,-0.005799725463505125,-0.0044127736878921565,-0.001319719614292365,-0.01671304619361086
2024-09-05,0.0069038906205208484,0.005036833006205627,-0.00778110471970721,-0.0012480451936857414,0.0093713453949296
2024-09-06,-0.007039707223623784,-0.04102342674965426,-0.02404263711340912,-0.016516977687508108,-0.04171241170406308
2024-09-09,0.0004074640735919906,-0.013425600333466762,0.02026772865927928,0.009957652126026442,0.03478617762654423
2024-09-10,-0.0036279779390033322,-0.0003364892130703564,-0.053283512868810376,0.020685658694695415,0.01519329941266658
2024-09-11,0.011518497367034124,0.016677128503694766,0.008091307117667925,0.021117919759535777,0.07834783561863999
2024-09-12,0.000494089606483769,0.02308434967317621,-0.0030446253564345863,0.00931721707490444,0.018980410397306097
2024-09-13,-0.001212881131158556,0.017748199593655135,-0.01109707962718075,0.00837222422138414,-0.0003358726283658832
2024-09-16,-0.02816823762100705,0.0038033628771256037,0.017177317177472354,0.0017403990351674452,-0.019671622270472127
2024-09-17,0.002170155762577218,0.007940024684320911,0.006664876652489463,0.008794090629386169,-0.010242385794682113
2024-09-18,0.01782988260075024,0.003070825334635139,-0.008253795391677482,-0.010023636575859347,-0.019392608916848107
2024-09-19,0.03639524142539071,0.0144746276814351,0.014114688479094802,0.018125797207315775,0.03892556913873886
2024-09-20,-0.002931758725845806,0.008903173618462507,0.0028939578887507587,-0.007826310602826202,-0.01599223056125332
2024-09-23,-0.007609904430239669,-0.01069341688969551,0.001656696673867791,-0.004051757389893498,0.0022389230979224907
2024-09-24,0.003966191536686602,0.002714756619440472,0.0007091307765585462,-0.010061819951143226,0.038886500950374304
2024-09-25,-0.004407927543262246,-0.0049415628533338385,-0.006638518209459134,0.006827055337103423,0.021606604524980977
2024-09-26,0.005067410263583609,0.007649063827110969,-0.0019526353581663033,-0.0018530023156952448,0.00428186979979465
2024-09-27,0.0011859335186032252,0.007469223943687312,0.00342641952275534,-0.007657239654921829,-0.021513159690851165
2024-09-30,0.022614364430828492,0.011522401821805743,0.001708704562776907,0.005312814349064246,0.000329510337549388
2024-10-01,-0.02957464729148521,0.006849971587450606,-0.018282445378773316,-0.022586496000507685,-0.03724650757784011
2024-10-02,0.0025165061339125203,-0.00678973323509844,0.0012068290329973234,-0.008498212153612355,0.015688319165670383
2024-10-03,-0.004906649879491466,0.0,-0.00998761721527133,-0.0014154065495101836,0.033101956834092804
2024-10-04,0.004994839389247269,0.007208907418489588,0.03487837843572832,-0.0011531494722928086,0.016709402831317763
2024-10-07,-0.022788478434021726,-0.02472537434289669,-0.001373953595935492,-0.015794767020701532,0.022166827930733605
2024-10-08,0.018236744961556348,0.008553173626524883,-0.000853690041202771,0.012544829672853525,0.03968125706970553
2024-10-09,0.016560363784363086,-0.015449101355513153,0.012589479292844508,0.006609203252368461,-0.0018075912927999847
2024-10-10,-0.0021806330234943167,0.0013583577938441251,-0.002721413093243595,-0.003888085564833498,0.01615233980259614
2024-10-11,-0.0065265262438065335,0.00713153644123714,0.043442112594098165,0.001153610447473251,-7.416987634069705e-05
2024-10-14,0.016345612848178138,0.010481532687502805,-0.003650487849691164,0.0067507992103264915,0.02396862957161232
2024-10-15,0.010964290164964917,0.0030264654698500325,0.004100292391838237,-0.0009548161068614077,-0.04799380089788591
2024-10-16,-0.008891360997468364,-0.0018148728427330328,0.005605024341462869,-0.006276585348575513,0.030826887966629458
2024-10-17,0.0015952077440670705,-0.013594114592253358,0.003481759201123373,0.0014408916046595853,0.008875892497325845
2024-10-18,0.012201741446139239,0.0030028880478056947,0.004224008142912947,0.003449707406309781,0.0077838696637059415
2024-10-21,0.006278084577474977,0.00396970205351987,-0.01057154713472548,0.0014815237609917943,0.04054367112187221
2024-10-22,-0.0026252295390090078,0.006500254692845725,0.0050097378918710295,0.02063195004783981,-0.0008352359522236715
2024-10-23,-0.021860151414022012,-0.014393819131876123,-0.003172876178662163,-0.006830079598587397,-0.028467573344633484
2024-10-24,-0.000823759289214343,-0.00036870281245692633,0.007002833915269888,0.0003060152122184331,0.006072150576929348
2024-10-25,0.0036366821395504853,0.015549537858021796,-0.01193865439853615,0.008019895587135343,0.00801561364956664
2024-10-28,0.008562540106184706,0.008735294109063641,0.014247356420334286,-0.003650174819970131,-0.007232402857319112
2024-10-29,0.001156139696937863,0.017598568400524442,-0.011597042057367989,0.012486577116790435,0.00518140000496346
2024-10-30,-0.015395819656392546,0.027781219393934332,0.006751597819751221,0.0013418399420045072,-0.013614365766067709
2024-10-31,-0.01837732705189544,-0.019388853305177117,-0.011157835153862962,-0.062436818100589576,-0.048373896648429816
2024-11-01,-0.013368578142622366,0.0010512448967832963,0.004585846271949065,0.009844262394454057,0.019690320908507957
2024-11-04,-0.004045777717688089,-0.01204006965217848,-0.01427569768234922,-0.004665159073919319,0.00478915923530701
2024-11-05,0.0064654107941150485,0.002949950135543713,0.007750300578912321,0.007317637181207768,0.027976817218828647
2024-11-06,-0.003272345239370778,0.03910964360745002,0.1092538553687106,0.020971537529382422,0.039932548425518556
2024-11-07,0.021146993635295996,0.02373739216757749,-0.04419055061155974,0.0124172680157902,0.022208716859354036
2024-11-08,-0.0011890390728650276,-0.013366918027696194,0.0025351120492108836,-0.00681628160035248,-0.008431621108916765
2024-11-11,-0.012101381013719065,0.01115145529922256,0.009700343923930554,-0.01077878182652709,-0.016183826939603706
2024-11-12,0.0,0.007017112073875065,0.0011277503412817644,0.011937662503231857,0.020644436834764152
2024-11-13,0.0039612311503425665,-0.015201260069553016,0.006656686596565244,0.005116654567756724,-0.01371535593065403
2024-11-14,0.01367649412996672,-0.018620485933336303,0.0029397524135955236,0.003966696728548974,0.003344379839465692
2024-11-15,-0.014209726692822005,-0.01775546443984629,0.014122329147129112,-0.028247952091319136,-0.03311262150074324
2024-11-18,0.013332994360030707,0.01615954037234291,-0.0011420711111825028,0.0018298330833079377,-0.0129727817225588
2024-11-19,0.0011396560296512606,0.015958476570586605,-0.00794883997226711,0.00487067912586133,0.04778736289301206
2024-11-20,0.003148966457983219,-0.01208697048576029,-0.009548111252329827,-0.005520439538410882,-0.007647675353840602
2024-11-21,-0.002098231209770198,-0.04861111121780057,0.016394454660608227,-0.004326129390916067,0.005332271265106755
2024-11-22,0.005890135969549004,-0.017269351296990518,0.015365937125427543,0.009953357355636724,-0.03271024941219493
2024-11-25,0.012966371797554901,0.017388545194843563,0.006976134245891991,0.004283448829625518,-0.04267301132016331
2024-11-26,0.009360530001678743,0.00872997612061425,-0.0012793060434924558,0.021730139357356976,0.0065948778490018175
2024-11-27,-0.0005532952624120362,0.0006502532978328118,-0.0007203137759126265,-0.011751282110086225,-0.011606701771369651
2024-11-29,0.010164119329824764,-0.0016559483105752712,-0.00028018170672344605,0.001110564289280641,0.021273602799056344
2024-12-02,0.00947754631336291,0.014922168800404104,-0.013993145303990049,0.017602740768878116,0.0027447839988576197
2024-12-03,0.012690944396716697,-0.0008751625372707693,-0.005824005960165196,0.0005103025128670246,0.011689402286161436
2024-12-04,0.0014824442943987145,0.01752968317152648,-0.005817079653535859,0.014321780974673999,0.03420085416123337
2024-12-05,0.00012346947469861973,-0.009970947332223288,0.008509361908028984,0.011817787153287023,-0.00048233551045915354
2024-12-06,-0.0008232493033495472,0.011918898436793468,0.007629338296255685,0.002144035562979921,-0.018226581700649638
2024-12-09,0.015972889432687393,0.004916104496192926,-0.01445566111522571,0.00550821146747958,-0.025814791209606253
2024-12-10,0.004125196972770384,0.05437627392359926,-0.00390403998263442,-0.0060494837337090905,-0.027313000029093464
2024-12-11,-0.0051793144373091906,0.05377441513556353,0.002755067626614363,0.012686306179952983,0.030908544694474776
2024-12-12,0.00594587385025335,-0.01776169263755805,-0.008246586956478863,0.0012686568917046114,-0.01424210300494731
2024-12-13,0.0006854591615692313,-0.011210710222105874,-0.006604753933718399,-0.005106889077376896,-0.022755880284121857
2024-12-16,0.01165936107652652,0.03540006261123845,-0.001501500650580258,0.009612306960244156,-0.016901845686834616
2024-12-17,0.00967259571980812,-0.006325364830836214,-0.005105320227864893,0.006335171216699346,-0.012271917053166837
2024-12-18,-0.021654445435892546,-0.03658376349696607,-0.0340952994196959,-0.03828458198616134,-0.011415412673756687
2024-12-19,0.006990182542238278,0.0005837925703660962,0.011180012060114347,-0.0008236021768747156,0.013637014897925466
2024-12-20,0.01864099329132848,0.015266684820461153,0.019721910385097827,-0.0009843244801096824,0.030298449390022273
2024-12-23,0.0030602324920422715,0.01668253220058882,0.0033193005046167887,-0.003096853190786421,0.03623239127367423
2024-12-24,0.011412703502856704,0.007575490056857821,0.01630993388228713,0.009330257954312613,0.0039302304160751846
2024-12-26,0.003170542160109815,-0.0026039254843784523,0.0034195712341415613,-0.0027807993110015726,-0.0020702967643343503
2024-12-27,-0.01333053911498823,-0.014626045175633104,-0.00813539751221079,-0.017453051792708445,-0.021088554978434003
2024-12-30,-0.0133521386251976,-0.007916604103806226,-0.0077004259577424725,-0.013327857900136086,0.0034972744599369963
2024-12-31,-0.007082823666737158,-0.010196225974595801,0.0016282949304035545,-0.007869372585478238,-0.023549378486750698
2025-01-02,-0.026586160060075803,0.0006865475924854775,0.0012089627632694386,-0.006951762509653767,0.029495854198452288
2025-01-03,-0.0020115939890156644,0.012381523926354334,0.0135741384572164,0.011331311650952598,0.043574381550611226
2025-01-06,0.006716337888742154,0.026142525431221954,-0.00488736374769006,0.010573316436923394,0.033756172200258956
2025-01-07,-0.011452988795137184,-0.007034268864166528,0.009586456832134728,-0.012890931012237986,-0.06418612929037172
2025-01-08,0.002021008618495214,-0.007908991350506744,-0.0001645275302168715,0.005171661092368767,-0.000214155995269157
2025-01-10,-0.024399103678973594,-0.009896653146960647,-0.01349912773371334,-0.0133017352523706,-0.030434810508772607
2025-01-13,-0.01039804598980548,-0.005377945764895856,0.017931384531631345,-0.004209787068224672,-0.019916062616993333
2025-01-14,-0.004789521127315873,-0.007092670135491838,0.013260747310865063,-0.0036501197316002546,-0.0110949461331892
2025-01-15,0.01948488604847621,0.030583207675543674,0.019527773042242787,0.025275033463256293,0.03343616578197316
2025-01-16,-0.04123906334972428,-0.013592511473344934,0.007579615786246403,-0.004066334139698251,-0.01979237157166056
2025-01-17,0.00750699842770517,0.01589087480504787,0.01904906021172916,0.010426398072213594,0.030524318440046147
2025-01-21,-0.032436206162353744,0.010404900694758846,0.014822526485549143,-0.0012360054332434811,0.022403425677288254
2025-01-22,0.00533073634903999,0.0016144487941718083,-0.000722759508335596,0.04047648394459618,0.04335520583876181
2025-01-23,-0.0007596980859037356,-0.001967925722606082,0.011762908909021102,0.0011423494684343204,0.0010193839943005109
2025-01-24,-0.003942472653111361,0.011200820097320036,-0.0041825472874586584,-0.005949915126455776,-0.031744330380743854
2025-01-27,0.03128581292827294,-0.04286159075796293,0.003806420292663587,-0.02162563394464548,-0.1859461557068112
2025-01-28,0.03589198626202065,0.018031532274252568,0.00484068593483315,0.028671851020683575,0.08549730054987718
2025-01-29,0.0046061846208494866,0.0005631728065688088,-0.0020987348789726365,-0.010949763281502843,-0.04187567717055714
2025-01-30,-0.0074221120253274665,0.02755794821607527,0.006170659855447774,-0.06380171621890131,0.007650615729044326
2025-01-31,-0.006714647553727506,0.015560141253843722,-0.003473211682566014,0.00016867433434570738,-0.03743495756075845
2025-02-03,-0.034442425564841186,-0.013769647135498966,-0.0018349933416653714,-0.010024459235204643,-0.02881111168562612
2025-02-04,0.02079025970009404,0.025270806848749248,0.00422650202134956,0.0035222643456849717,0.016914141842964456
2025-02-05,-0.001418492996383352,-0.07571952573124227,0.00925011431715879,0.0022285866142017887,0.05077497597686565
2025-02-06,0.003220966437739224,0.0014103163579396638,0.02364321968750626,0.006102941504934444,0.030375893302015112
2025-02-07,-0.024260678031053483,-0.03321801564363388,-0.0039804959691701995,-0.014705191886307426,0.008974118990506682
2025-02-10,0.0011866867973144872,0.006078483653319647,-0.017409496325829218,0.00600996454062177,0.028322852162826657
2025-02-11,0.021596862293229248,-0.0061863423327477105,0.014468190530469783,-0.001893956646295306,-0.005781425513216704
2025-02-12,0.018105243650625984,-0.0092702134919307,0.00167148021862661,-0.005850310819126719,-0.012578882595887327
2025-02-13,0.01948224854777463,0.01368513112740597,0.003153477014667987,0.003660359155991342,0.031155019253644466
2025-02-14,0.01263053225562524,-0.004900673984235925,0.000976599896735833,-0.005152682897021701,0.025973733309642755
2025-02-18,-0.0005315020131410832,-0.007913383127669824,0.012074757788534179,0.002958075582473139,0.003953285283349827
2025-02-19,0.0016346913736276455,0.008129276389357513,-0.0025036587490738097,0.012445420135553319,-0.0012203144289284471
2025-02-20,0.003912915138941309,-0.003839653675058215,-0.045608116891358276,0.005276838844906259,0.00630060974003788
2025-02-21,-0.00113973303254013,-0.026908385444195534,-0.009641409735900146,-0.01921609456611985,-0.04138426330905019
2025-02-24,0.006292589463524479,-0.002284686901166918,-0.011035631893269289,-0.010366922754356748,-0.03135748577583991
2025-02-25,-0.00024287765436982516,-0.021598397400260504,-0.015190985910738967,-0.015214124467470782,-0.028416644841632997
2025-02-26,-0.02741243462444092,-0.0154535432711539,0.005385676223604502,0.004588660213143606,0.036063048672234525
2025-02-27,-0.012812692210100118,-0.024793882909479894,0.0010041121927481331,-0.01817642015218111,-0.08859151490767034
2025-02-28,0.01895114882838302,0.010508278736027367,0.021387139390192565,0.011298085602732778,0.03893259261074542
2025-03-03,-0.01587958490365217,-0.019390404655751946,-0.015344751777144814,-0.021643622509646333,-0.09094892921519282
2025-03-04,-0.008861549654492274,0.023142052286949218,-0.040602967868277606,0.00030877300650823073,0.01677934865633183
2025-03-05,-0.0008056224633173428,0.01221156015243761,0.005101783410966749,0.031435019406225714,0.01123077045938652
2025-03-06,-0.001740683587319021,-0.0038798078496360107,-0.020038003431046385,-0.01035202909339353,-0.05908591046205051
2025-03-07,0.015767586656844728,0.00872299901399697,-0.017430114544623072,-0.00906101340032499,0.01899190692690696
2025-03-10,-0.04969413952822089,-0.04589498521439175,-0.042408831870906,-0.0340059449174844,-0.05199885656777883
2025-03-11,-0.02962387616166318,-0.011094098448289125,-0.013352091955518836,0.0007626153707795385,0.01650173764391432
2025-03-12,-0.017633178600504017,0.018542042847655822,-0.005426209721228343,0.007384816215004264,0.062294733162649475
2025-03-13,-0.03422267576860307,-0.026375600326448912,-0.011962450892020133,-0.011810423726421401,-0.0013833929690728268
2025-03-14,0.018007449695951666,0.016634042389433112,0.03168759471571177,0.025518322921996503,0.051349503358979635
2025-03-17,0.0023859725357843068,-0.007277569207034194,0.006389837556247733,0.00036033281692763117,-0.017745076192819592
2025-03-18,-0.006140242137349784,-0.022280629782087447,0.004435926900823706,-0.01341617833387206,-0.03490312740325705
2025-03-19,0.011917946504138613,0.019842831475565363,0.01746579768071004,0.011149648220582103,0.017944250649201257
2025-03-20,-0.005310463195201647,-0.006672980337478496,-0.00041829048909998727,-0.0025302398321035346,0.008557527259815172
2025-03-21,0.019289580468985934,0.007283057310902493,0.010902327744909908,0.011361323672608364,-0.007027070855381342
2025-03-24,0.01120739306756486,0.02225202249180243,0.026262957198487168,0.004640714674682571,0.031034325734698574
2025-03-25,0.013589159300328342,0.01702960535649313,0.012300073061299762,0.0052776368544547045,-0.005947997580503561
2025-03-26,-0.00997125163146729,-0.03277805363962243,-0.00039826557708812254,-0.013221003912957944,-0.059134310275674576
2025-03-27,0.010418137107642158,-0.017232238030091725,-0.011660056494249298,0.001562941839961383,-0.020694319286352
2025-03-28,-0.02693996314621598,-0.04998360097508469,-0.021468403311970228,-0.03062433599252162,-0.01592077694349004
2025-03-31,0.01922646834878683,0.002006672067787218,0.010037985480994516,-0.009042851465469355,-0.011832353585052373
2025-04-01,0.004760628267686374,0.0155917120684268,-0.006708124254702968,0.017952331448345734,0.01619951884828537
2025-04-02,0.00313149630418324,-0.00019118297521681136,0.008825800156882687,-0.00013079819252660802,0.0024481965929616057
2025-04-03,-0.09701343487620308,-0.04107671414364337,-0.07223226130642339,-0.023913803294693326,-0.08128114142925123
2025-04-04,-0.07568016354481147,-0.034560484164906306,-0.07778676122369689,-0.036213783683344,-0.0764228765621437
2025-04-07,-0.037425996308866234,0.007867220828459202,0.019590016875884995,-0.005517677904490875,0.03470002254623926
2025-04-08,-0.051102009382146034,-0.014067871940243958,0.011268086125409063,-0.009264270941581373,-0.013818918685907799
2025-04-09,0.14261753799154478,0.0924162341708497,0.0774749295601101,0.09652484652660565,0.1716206566786014
2025-04-10,-0.043318714611892455,-0.03781805350219463,-0.03133856333421923,-0.02368487479688922,-0.06094720820004916
2025-04-11,0.039792114152949434,0.027876445965168747,0.039244445844278206,0.018447013877641236,0.030757562677878148
2025-04-14,0.021814477780998154,0.012207188439634533,-0.006285659591903835,-0.0016489950808063717,-0.0019851987412289177
2025-04-15,-0.001878212452566176,-0.01750310883524301,-0.006797051952678691,-0.005377851474534099,0.013368805296760837
2025-04-16,-0.03971154912779275,-0.019248908792853875,-0.015214027028453744,-0.03729284222344867,-0.07119154777139383
2025-04-17,0.013853250405553524,-0.01425351297969302,0.010182822552053574,-0.010359919889256344,-0.02913114890654451
2025-04-21,-0.019583205405793263,-0.023358689919284407,-0.012886625714596273,-0.023828312253194008,-0.046177454969923155
2025-04-22,0.03349755184234105,0.025407401297016134,0.02841459912983055,0.02121471192960325,0.020225374637364173
2025-04-23,0.02404041488197309,0.025293048862059953,0.02220596136904617,0.020426838465949736,0.03790127992635914
2025-04-24,0.018258408060773605,0.024982976696193735,0.015488825802759258,0.03390142271594046,0.035578012414590604
2025-04-25,0.0043577736320499225,0.0166858677099136,-0.0044654506119479595,0.01167953606531316,0.042132911308412305
2025-04-28,0.004100853660792058,-0.008370431242839834,-0.0013559211450552694,-0.0017623789531737114,-0.020752557799449064
2025-04-29,0.005078927436444548,-0.0028056269526178707,0.005739597538753641,0.007335708257394689,0.002663541701362222
2025-04-30,0.006089154733784381,-0.008527864764508111,0.0,0.0030913106086178613,-0.0009177460396819624
2025-05-01,0.0038513204585281517,0.015620450485419934,0.009236926311718291,0.07348614189461014,0.024397011671066723
2025-05-02,-0.038077575248601635,0.016783348354477208,0.022507894953569824,0.022959613092205088,0.025564249547415624
2025-05-05,-0.03196382769866956,0.0010967849331917049,0.00019803619002070461,0.0020426156845589198,-0.0059565720912732305
2025-05-06,-0.0019124477436543354,-0.0059860019457590894,-0.013192441788096802,-0.006578705731860101,-0.00246302079326862
2025-05-07,-0.011450128136799251,-0.07536681894968975,0.0005615268886822832,9.2311911345899e-05,0.03053137522671338
2025-05-08,0.006298553278076863,0.01897583377388327,0.016227601757155256,0.011061243483462463,0.002644730600720201
2025-05-09,0.0052522561730470926,-0.00996657559753509,-0.0015398622584008909,0.0012772050468481692,-0.006153365094515101
2025-05-12,0.06123268033113578,0.0366997458467786,0.02716822653446697,0.02371769770301294,0.05300641080963476
2025-05-13,0.010101034632091712,0.006729775994064541,0.011318259811608332,-0.00026715172174336216,0.05481136920807433
2025-05-14,-0.0028217892757707217,0.03595332560303664,0.00994986121223411,0.008424933329915445,0.040794262711428365
2025-05-15,-0.004153047235287477,-0.008562849576401113,0.00694001823187306,0.002253580700858679,-0.003775350441351778
2025-05-16,-0.0008990603888560591,0.013509098076997149,0.000261773880613252,0.002512640710313931,0.004218666534108666
2025-05-19,-0.011808460823504164,0.0021037775881929304,-0.01006695538695629,0.0100752543481817,0.001254695838942981
2025-05-20,-0.00923883715308381,-0.01549101333408183,0.003015764996556281,-0.0015266622370332876,-0.008816451945526478
2025-05-21,-0.023329135189360545,0.0275473291337936,-0.01761892575237947,-0.01229780006935159,-0.019385979908510684
2025-05-22,-0.0036187742583048813,0.013611260689456214,-0.0014183091846114732,0.005047225468213278,0.007784472588990611
2025-05-23,-0.03071104671354942,-0.014145350641698473,0.00015317456097053314,-0.01034217475294644,-0.011661537423707832
2025-05-27,0.024983556398390557,0.025955677545777333,0.01741501838499545,0.023077819973463715,0.031562961731518485
2025-05-28,0.0010483354048508517,-0.0031279777678589354,-0.006808127839784221,-0.0072545545339677935,-0.005105126806973366
2025-05-29,-0.0023478901995321877,-0.0029051411769889074,0.0033341334620365566,0.002881971891791121,0.03197351965516137
2025-05-30,0.004491076894813233,-0.0006983845462812784,-0.0014004318048652362,0.003655992522284545,-0.02960257386263701
2025-06-02,0.004223047871569351,-0.015905502274481665,0.0024968443454911142,0.003491133675305472,0.016513500505562415
2025-06-03,0.007753704322381347,-0.01700484033085125,0.006064842948432285,0.0021623473779866947,0.02756804517640441
2025-06-04,-0.0022161327214581033,0.011190122010912512,-0.0077288699568304415,0.0019421162964943276,0.004944626116286623
2025-06-05,-0.010856568619222537,0.0009516876734981973,-0.008628284481464143,0.008179910169773305,-0.013692452665405617
2025-06-06,0.016265311589657647,0.0320012187422124,0.014326979964530454,0.005756609379951794,0.01228211848812834
2025-06-09,-0.012186604353181588,0.014990542003404576,0.0037936092687304774,0.00502584442172111,0.006400723144077613
2025-06-10,0.006037906567603421,0.01415357815355993,0.006949026738313462,-0.003878462387048046,0.009281581599223064
2025-06-11,-0.019380381731049234,-0.007023507549489376,-0.0016768400607814187,0.0036034432589252476,-0.007810998523934495
2025-06-12,0.002110709402244012,-0.009347342122075815,0.00033559303100428364,0.01313740717075899,0.015078685098274031
2025-06-13,-0.013901411536047332,-0.005879405619163951,-0.012340963137783613,-0.008198533336373638,-0.021118073175124843
2025-06-16,0.00997799202842381,0.011950966628925946,0.0202132752846959,0.008762249888579429,0.018977830742543268
2025-06-17,-0.014109749642865382,-0.004649618552624543,-0.003111687140680919,-0.0022984082372658823,-0.003947309718690903
2025-06-18,0.004793283641698603,-0.015060175976234007,0.01633934999141844,0.004591545905710506,0.009392319389974604
2025-06-20,0.022235474358199368,-0.039303807332060264,0.0037890328767674793,-0.0059312857551390005,-0.01126743272200272
2025-06-23,0.0024843579641847862,-0.008739610665841321,0.011820742056228113,0.01785392919372585,0.0022220651174162756
2025-06-24,-0.005973029135193437,0.009519475425762864,0.010687618770375237,0.008421152289271351,0.02554314304890008
2025-06-25,0.006270932325397537,0.023174708339145235,0.009905967378619502,0.004397553030850552,0.04242730300362518
2025-06-26,-0.0027822611543890613,0.016617714162494728,0.016375873674615196,0.010467691135128966,0.004590493120936221
2025-06-27,0.0003979183634067224,0.02834852085408585,-0.005696025081794471,-0.0030401229157608115,0.017457308270665904
2025-06-30,0.02013598512579886,-0.012966798731281176,0.009705320443753739,0.0029597920564695132,0.0015204292688643923
2025-07-01,0.01283348104812217,-0.0022154212341537983,0.0017231401905186696,-0.010834379756567498,-0.030134974737803088
2025-07-02,0.02198721077013822,0.01579810924267093,0.005460171389588415,-0.0019529267652533882,0.025439993152528935
2025-07-03,0.005211437459690159,0.004969729577280614,0.018411620399683463,0.015658016819526364,0.013203438882959067
2025-07-07,-0.01700164035059745,-0.015379756932344632,-0.013708409993068858,-0.0022477122660854876,-0.006927356204234811
2025-07-08,0.0002857690985449934,-0.01384043352057181,-0.03198182580749587,-0.002212513139081892,0.01106083288019853
2025-07-09,0.005366341327769654,0.012878383445561269,0.0013429927819139991,0.01377846032826156,0.017839983153870063
2025-07-10,0.005996888569178622,0.005645939001787666,0.017607700685888992,-0.004039912377084697,0.0074622986953861055
2025-07-11,-0.005902280949494298,0.014365522006997918,-0.004625694439191658,0.0036624036551624194,0.004984454919256748
2025-07-14,-0.012101750531797243,0.007574210053593465,0.006393920203561175,-0.0005961893456745816,-0.0051673099282076845
2025-07-15,0.002346106185547501,0.002420510673333884,-0.00747503086891191,0.005550923029067078,0.039614420191223965
2025-07-16,0.005008797516134687,0.005315605974131647,-0.0025507611176684695,-0.0003954959980058848,0.00391734766955151
2025-07-17,-0.0006663967735435636,0.0033282471611218462,0.014173710725137872,0.011953135753057375,0.009466639146369284
2025-07-18,0.005507987356699294,0.008029628550222188,0.00471464676352627,-0.0032297704035930386,-0.0034162497036895195
2025-07-21,0.006137078072563709,0.026870185668260806,-0.0010305752021117396,1.9661010407750972e-05,-0.005991971184677883
2025-07-22,0.008995498343452922,0.0065016305832342886,0.0015797813431352647,-0.009435429636930838,-0.025709853858088744
2025-07-23,-0.0011667067342310043,-0.005818055458854922,0.01812389707065274,0.0011867184348362016,0.022202635834811597
2025-07-24,-0.001822810721298693,0.010146379316267457,-0.0007079426120110444,0.009855084104650864,0.017183810026743608
2025-07-25,0.0005612022815048572,0.005242040606877839,0.006956094708645308,0.005524139117045585,-0.0013823270754584475
2025-07-28,0.0007945872831611002,-0.003110732170918196,-0.0011392991980596337,-0.002358127567439932,0.01855865226448988
2025-07-29,-0.013072757705372579,0.016326771436442705,-0.0041658125944052105,0.00013648099091268176,-0.007040271693966676
2025-07-30,-0.010563404843887432,0.003976747656240419,0.008681555745154055,0.001306309824448206,0.02119707794992163
2025-07-31,-0.0071048248399941715,-0.02384074801123977,-0.011378513651942505,0.03871550377272254,-0.007840175111206516
2025-08-01,-0.025321452731960514,-0.014539758819728391,-0.023463743552403656,-0.017757526568690802,-0.023608121226798857
2025-08-04,0.004781459275902852,0.030770004696507956,0.016757591424979294,0.021760873384904587,0.035512069773851344
2025-08-05,-0.002116885719306201,-0.0018988654897956522,-0.009869850561398058,-0.01483979261347463,-0.009713718442209087
2025-08-06,0.04965339353018598,0.007268012727722375,-6.86484168414081e-05,-0.005338691627633824,0.00648625663512085
2025-08-07,0.03129869520106027,0.002190461919317486,-0.015252049940980906,-0.007840948828233461,0.007496171998690796
2025-08-08,0.041485325469322876,0.024628059775692466,0.006322878312808719,0.002301084239984531,0.010619835476421603
2025-08-11,-0.008372309551005904,-0.0020873558423182355,0.002766508519401877,-0.0005171439459320964,-0.0035091545807863955
2025-08-12,0.010813805893867944,0.011574521194117006,0.011298049858075266,0.014215062335260138,0.006023816556037098
2025-08-13,0.015897342556576394,-0.0068097760093447125,-0.007953717404253168,-0.016498310921669652,-0.008608653798643968
2025-08-14,-0.002359951548342355,0.00484072333036223,0.012417017789280007,0.0036430222204388717,0.0023651056738877856
2025-08-15,-0.00512524592862372,0.004719228988049904,-0.01255482290780189,-0.0044310090625219204,-0.008662804692042638
2025-08-18,-0.0030271747343980893,-0.0019636395635978148,0.003573801937226149,-0.005919366331114072,0.008607801368352371
2025-08-19,-0.0014302831382129908,-0.009529212916283072,-0.0029886074888235644,-0.014276749033120633,-0.035625106188042995
2025-08-20,-0.01993191516264375,-0.011225190433829742,0.005421031932125845,-0.007976380270356328,-0.0013673634964971996
2025-08-21,-0.004923405133202545,0.0021550035240100185,-0.0026382707772983883,-0.0012882899129955533,-0.0023974379006856325
2025-08-22,0.012636639150230075,0.0312463997094043,0.016232831275903904,0.0059122821399642455,0.01705581002367675
2025-08-25,-0.00263778288690945,0.011578063711078578,-0.004533519485850453,-0.005872572717918165,0.01017330889317426
2025-08-26,0.009420124567184027,-0.006496213715250082,0.012368022868734972,-0.004412262225915996,0.010841395706416915
2025-08-27,0.005132789525146086,0.00164012084381481,0.0023752416885406986,0.009318292757191949,-0.0009356628960004141
2025-08-28,0.008940658848553752,0.019851725087847685,0.005963210865767549,0.005706532947103561,-0.007905624375742408
2025-08-29,-0.0018075874774794432,0.005982929032832946,0.0011619264617166447,-0.005805202352673754,-0.03381165435421267
2025-09-02,-0.010479481927209738,-0.007353997409933791,-0.00572275820195832,-0.00310341311922011,-0.019713036514491123
2025-09-03,0.037382388318206415,0.08742923219160917,-0.0006341094013954205,0.0004552210217968493,-0.0009372260023245525
2025-09-04,0.005478194691820946,0.0070847879499057655,0.014287588522144198,0.005171201377734838,0.006076904242296264
2025-09-05,-0.0003753123897331411,0.0115559242053577,-0.031564007384851954,-0.02586461097900745,-0.02740216240269134
2025-09-08,-0.007580043466471161,-0.003199566378607851,-0.005006089596516062,0.006443859038900876,0.007693824414153946
2025-09-09,-0.01495059126410601,0.023604076501328175,0.01672473231382538,0.0004213686407725411,0.014451498666018775
2025-09-10,-0.0327913485579626,-0.0019214925870367874,0.008990757550597394,0.0039247880153606115,0.03775343262051414
2025-09-11,0.014185348673624379,0.005004838148942116,0.016565338373644423,0.0012782645216960395,-0.0008462586151700266
2025-09-12,0.017410511940727482,0.0017872947959423383,0.004408391663875994,0.017588554017360425,0.0036620168169008314
2025-09-15,0.011173206896220039,0.04391355436609088,0.0064629045654571934,0.010651038921044187,-0.0003936467559653467
2025-09-16,0.006107203194049754,-0.001790071863564542,0.0009384405475050278,-0.0123390602296241,-0.016278071737281796
2025-09-17,0.0035210509004652986,-0.0065110527491523415,0.008245688931381494,0.0019233089870922067,-0.02659722737366243
2025-09-18,-0.004655381783018187,0.009968996496071263,0.004736194701333269,-0.003083058917301737,0.03434388991210669
2025-09-19,0.031530569936912015,0.010616794339763667,0.004936188316925597,0.018473236213084644,0.0024367633114044094
2025-09-22,0.04219290013168558,-0.008634841304353796,-0.007461560400919563,-0.006741670095727397,0.038530451374934785
2025-09-23,-0.006464066249566799,-0.0034510852240884466,0.0009596918787714564,-0.010198618417527087,-0.028617642790173294
2025-09-24,-0.008367296999735473,-0.018124001592314108,0.002172121755438379,0.001804968828676149,-0.008216136468703266
2025-09-25,0.01791156533826258,-0.005477553596576057,9.572031893341996e-05,-0.006134581432704233,0.004060340737146719
2025-09-26,-0.005504154904453376,0.0030467818366367748,0.008292005079461566,0.008699166536281246,0.0028099031575023995
2025-09-29,-0.0040401134340737705,-0.010151114241028306,-0.0011712356138277417,0.0061205198928544705,0.020331822428759798
2025-09-30,0.0007857485936756352,-0.003900194859783875,-0.0008239898251448029,0.0064888745247557375,0.025677826329153195
2025-10-01,0.0032151298202565005,0.0073770348997329194,-0.015076754567138433,0.003392207882805762,0.0035311956061996734
2025-10-02,0.006555105475920218,0.003220664452227763,-0.010222340684173742,-0.007668185610937748,0.008773575541577188
2025-10-03,0.0034552785601604428,-0.0013848776990732948,0.008031452490476397,0.003116719229398485,-0.006746146966392577
2025-10-06,-0.00516785216237478,0.020493665239681224,0.0021044888331783504,0.02145578678755221,-0.01114823720962712
2025-10-07,-0.0008184580752932713,-0.01882399684181265,-0.004830889626621897,-0.008721815046370006,-0.002698441213908405
2025-10-08,0.006141322326133843,-0.004649421506269645,-0.011966359263109868,0.0016590651962219399,0.02175681948046783
2025-10-09,-0.01570041296374521,-0.012712328321986498,0.0049215784387047325,-0.004678908361057399,0.01813089463097838
2025-10-10,-0.0351320133105969,-0.020749506032276696,-0.015303112485246165,-0.02214234287731193,-0.050099631530154766
2025-10-13,0.009697244813388845,0.031538647063646785,0.02325755309177916,0.006029293841267811,0.02778258522403875
2025-10-14,0.00044402022615236544,0.0053104564957054436,-0.019310538864339696,-0.0009342779996549505,-0.045019240466325876
2025-10-15,0.006316514957929752,0.02247920820493208,0.011879665367794041,-0.0002725401304099781,-0.0011114789856192203
2025-10-16,-0.007608909806463546,0.0017114621515446425,-0.023667636439974726,-0.003551178269864027,0.01095022271154542
2025-10-17,0.019370654536732482,0.007290647331614842,-0.003287973059531016,0.003843272406871184,0.007725462942447067
2025-10-20,0.03868092101339173,0.012748958212771527,0.016002387675059772,0.006230772970226132,-0.003170638763439442
2025-10-21,0.0020190045980656188,-0.024024304144002112,-0.017583176952028774,0.0016820092785216976,-0.008136414546060781
2025-10-22,-0.01657670690332714,0.004898949241263409,-0.010081361213388524,0.005547964873942636,-0.004869391502995129
2025-10-23,0.0043625253214555244,0.0055074453148193534,0.00146112236759374,3.858399568198024e-05,0.010374211051715317
2025-10-24,0.012404469824879763,0.02666841867215917,0.019833238872065707,0.0058420107731584105,0.022258035392054606
2025-10-27,0.022535356074125303,0.035340453975675326,0.012272815341959509,0.014993712197358728,0.027692151144970242
2025-10-28,0.0007065288197559364,-0.006707026124808853,0.003970381577478689,0.019654159742433237,0.04861857742843619
2025-10-29,0.0025989767572192316,0.026198806931207897,0.0004911821604227755,-0.0009597391008330833,0.02945785122908878
2025-10-30,0.006283466664280875,0.024855191878668994,0.012781779597807073,-0.029590420376358836,-0.020248085279448852
2025-10-31,-0.003802376160255665,-0.0010308182969829746,0.0054143782903968455,-0.015236564413907323,-0.0019734183403692595
2025-11-03,-0.004894071892846057,0.008957177267776445,-0.005705275679017489,-0.0015074686283697196,0.021448378486165685
2025-11-04,0.0036728825801045834,-0.02202271389521682,-0.00032336288111782616,-0.00523582904257145,-0.04039310108689996
2025-11-05,0.00037018397954444794,0.02410008141017029,0.007827002212750024,-0.014038489946731849,-0.01766982230750043
2025-11-06,-0.0013706039944364156,0.0015464788957027817,0.005567193966407921,-0.02003535345157169,-0.037208545384962245
2025-11-07,-0.0048305427121975416,-0.021009500780098514,0.0025172842072458262,-0.0005634072263488708,0.0003721114707823952
2025-11-10,0.004538267036518442,0.03962348673758026,0.00849318208905861,0.018308934606734578,0.05631653285510292
2025-11-11,0.021371261548658933,0.004162249952029513,-0.004015796542105802,0.005282370952023882,-0.030037214335174377
2025-11-12,-0.006487751089554257,-0.015916709083467206,0.015062535162789251,0.004824391767340633,0.003307882918741538
2025-11-13,-0.001903436960562969,-0.028801807494152357,-0.034707902380199225,-0.015476922342647312,-0.03646711365097375
2025-11-14,-0.0019802422957864835,-0.007784119323152159,-0.01914964313727898,0.01359702013518903,0.017558708664468615
2025-11-17,-0.018338397301833606,0.030674005342199617,-0.010728892415004583,-0.005286587242164504,-0.018951053657407912
2025-11-18,-7.47637995860424e-05,-0.0025996400053332185,-0.0032011179660720833,-0.027366657918495088,-0.028483287444823868
2025-11-19,0.004179213098975278,0.029564284535910354,0.012809587911146546,-0.013599822009596637,0.028054495876269764
2025-11-20,-0.008638668653641398,-0.01154135250050041,-0.01625557581322545,-0.016130733570459316,-0.03203242369786675
2025-11-21,0.01948948732721377,0.03466588822497278,-0.001207273129406522,-0.013276759568626431,-0.009790851268402874
2025-11-24,0.016185880529873065,0.06122508002964998,-6.710199562715863e-05,0.003974214213768214,0.020308941393949672
2025-11-25,0.0037980518798046425,0.015140059835671509,0.016639236764600832,0.006288079705412228,-0.02625236853586816
2025-11-26,0.002091988799439141,-0.010848780209191495,0.015197554611837881,0.017683802879553616,0.013628426497535618
2025-11-28,0.00467286127681409,0.0007184689254755741,0.017528391621751713,0.01331982147428266,-0.018250529412443567
2025-12-01,0.0151262172065036,-0.016659913511706734,-0.013376325628486296,-0.01076902054493605,0.01636265119304991
2025-12-02,0.010855696011275954,0.002917331465989703,-0.0033722518166256162,0.006675349732992619,0.008522905549192763
2025-12-03,-0.007153684504557431,0.012023411915253851,0.013709697012462588,-0.025359684307076167,-0.01035878011343199
2025-12-04,-0.012215789741831256,-0.006308441850154081,0.012638909341582634,0.006488812662661286,0.02093976783855516
2025-12-05,-0.00686355564689062,0.011426102454092469,-0.003358999423547948,0.004813305577848631,-0.005303645132968037
2025-12-08,-0.003197540392983899,-0.02312696870434922,0.0005393404279066412,0.01613702408097987,0.01706749448128362
2025-12-09,-0.0025582223487182498,0.010653139934015557,-0.047757951935089235,0.002034460923044121,-0.0031307522745199433
2025-12-10,0.005755762741702212,0.009822952520779624,0.03144587004051251,-0.027737782748785963,-0.006454291233027983
2025-12-11,-0.0026938721785778564,-0.024596615763819704,0.023172809175109766,0.010207698642583593,-0.01562921714424109
2025-12-12,0.0008986907156853279,-0.010100983850478407,0.0035855286476689906,-0.010270345009627218,-0.03320989556876012
2025-12-15,-0.015098298686657966,-0.003465623769497765,0.0046981163071177275,-0.007783100806013461,0.0072300945050929495
2025-12-16,0.0018224664254049999,-0.005367682990212155,-0.014066270322816444,0.0033010826256549314,0.00807896271619421
2025-12-17,-0.010138247658845348,-0.032657207132669064,-0.001807982342893643,-0.0005669788742273877,-0.03889665598996
2025-12-18,0.0012867465772248758,0.019160103930283324,-0.006306010399505669,0.016373686322174865,0.01854688041923136
2025-12-19,0.005422681951884745,0.015419821107802087,0.01336077200410299,0.00400041265745044,0.03858226769342382
2025-12-22,-0.009914939859583293,0.008493507714034763,0.018367004243160585,-0.002060026788581246,0.014807720863768428
2025-12-23,0.005116600880012057,0.014644703786338064,0.008751662703509428,0.00397214761063837,0.02960802520538894
2025-12-24,0.005309660095674406,-0.0008274762215582041,0.009891754252747053,0.002400221534646221,-0.003176160869262579
2025-12-26,-0.0014984030103086668,-0.0018483046983492999,-0.0038351541412576257,-0.0006353561311843441,0.010128246578783116
2025-12-29,0.0013159300206067358,0.00015944772873111013,-0.012767585573964171,-0.0012515348656507654,-0.012198174039464112
2025-12-30,-0.0024872503984942067,0.0009245293403182192,-0.0010197228054825737,0.0007798461292190305,-0.003619329992199194
2025-12-31,-0.004477472540670465,-0.0027120514297977482,-0.003717368711702716,-0.007949807912633325,-0.005560855557135792
2026-01-02,-0.003131377948914837,0.006845560294849816,0.010066519209866015,-0.022330964886835367,0.012521788173345694
2026-01-05,-0.01393373781601678,0.004400950063005315,0.025959752187630917,-0.00019031417583005296,-0.0038730170930416103
2026-01-06,-0.01850442404827586,-0.006974520740890478,0.0062053929031204305,0.01189892113605483,-0.004688795139394922
2026-01-07,-0.007767586346100869,0.024014285711292337,-0.023036011013233864,0.010312111434744248,0.009937584060043825
2026-01-08,-0.004967528026699398,0.010688631593745527,0.008526569854552704,-0.011148447616020766,-0.021756831844313266
2026-01-09,0.0012730781005779077,0.00957182112594326,-0.0018210250089542024,0.002444172891270605,-0.0009732491752103244
2026-01-12,0.0033870509285561217,0.009963206925160634,-0.014380425605693794,-0.004391217865887455,0.000432699636909862
2026-01-13,0.003069277518178039,0.012308792396941009,-0.04278343102774511,-0.013736507182654508,0.004693178813997547
2026-01-14,-0.004184200562639289,-0.000387028416234941,-0.009793651418856058,-0.02427942109519256,-0.01447378787871917
2026-01-15,-0.006754488045120549,-0.009153286663243547,0.004504770045271333,-0.005938635536979807,0.021125164339048683
2026-01-16,-0.0104334609449757,-0.008388960492390922,0.010326047243987155,0.0069829161120922465,-0.0043936053878166886
2026-01-20,-0.03516675157780259,-0.024541053160633076,-0.03163408879776219,-0.011680223052395683,-0.04480567027408543
2026-01-21,0.0038434513252299496,0.019619949022021157,-0.002314810213013938,-0.023169670533137062,0.02905657975096306
2026-01-22,0.002822574664753265,0.00655619763492286,0.005250310824327182,0.015705520178247077,0.00825721619066464
2026-01-23,-0.0012490498169330838,-0.007927572944667685,-0.01965642468272302,0.032300585451473816,0.015194528911584784
2026-01-26,0.029280156810427234,0.016122833979031078,0.011089715494938422,0.009249904782276927,-0.006414656086299057
2026-01-27,0.01113537016267108,0.0038632891710417092,-0.0024278877637323596,0.02166550821931283,0.010933690593105993
2026-01-28,-0.007110802091642502,0.004354701390169259,0.0015305243848789838,0.0021824219748765978,0.01578819087683279
2026-01-29,0.00714951195007178,0.006644283298444014,0.018611005138201117,-0.10528434928615048,0.005155768924444679
2026-01-30,0.004635516244257892,-0.0007393501317570216,-0.0017311883910966594,-0.007432400683403792,-0.007194213250919108
2026-02-02,0.03977922983061694,0.016694213794798365,0.0073287043848137435,-0.01621288172015577,-0.029306114416740334
2026-02-03,-0.0019647246882501424,-0.011647874476241325,0.021542034378686167,-0.029142520112481977,-0.028803821486399213
2026-02-04,0.025680287047938025,-0.019829636450916593,0.007656734308570678,0.007220868463188918,-0.03469725096611563
2026-02-05,-0.0020997961220096443,-0.005389275397959648,-0.022664734132697848,-0.05081186583685922,-0.013350101548895904
2026-02-06,0.00797784107081465,-0.025654573874261913,0.03870470134328125,0.018797518997179397,0.07577302301087933
2026-02-09,-0.011729000497211482,0.004511925334419058,-0.0009309212422876678,0.030588820346685523,0.024664966763379943
2026-02-10,-0.003428831498793266,-0.01785715676313767,-0.011930613371987633,-0.0007982280148396279,-0.007924416525772629
2026-02-11,0.006628103245317512,-0.024209286102774716,-0.023717470307108628,-0.021770891178542195,0.007977089879130206
2026-02-12,-0.05127407257936166,-0.00632299997152607,-0.026670039445088698,-0.006276264375389887,-0.016499491079763246
2026-02-13,-0.022995839415095466,-0.010671583553227186,-0.00029751808807563,-0.0012948231598718092,-0.022340344621430332
2026-02-17,0.03117681438621338,-0.012176479431025972,0.015024629249208174,-0.011175591191809244,0.011746279262753666
2026-02-18,0.0017795532383034164,0.004328093401154852,0.005357947709989414,0.006880453544403101,0.01614186871621456
2026-02-19,-0.014364224365880748,-0.0015836303703204786,-0.002366957286842122,-0.0005770287920214309,-0.00042561936906963197
2026-02-20,0.015233823534795543,0.03927148812826025,0.008855417746405799,-0.0030916176909677397,0.010166403704481202
2026-02-23,0.00602904668779855,-0.011141922350469916,-0.043131932248379516,-0.03264977069912112,0.00907260443723529
2026-02-24,0.022144036649487702,-0.0018958668796003311,-0.0012439224544363939,0.011713641833520843,0.006763798223351665
2026-02-25,0.007650520846136862,0.006412245741813115,0.019980692548477445,0.029384055394936336,0.013954478630995089
2026-02-26,-0.0046786052410885525,-0.017798773321711953,0.009287507213018631,0.002791917205408831,-0.05610616378510346
2026-02-27,-0.032657957379533524,0.014148905132685683,-0.01922789973615387,-0.02260753692228252,-0.04253837483251021
2026-03-02,0.002041924719824955,-0.01695079993982964,-0.009166072543786267,0.01468509769894799,0.02941791661564486
2026-03-03,-0.0036708976244395467,-0.009637824548512926,0.009032868260417895,0.013408647831676312,-0.013405999706042122
2026-03-04,-0.004674468498819032,-0.001483287269766051,-0.0029015916796602814,0.003139220615922468,0.01647011544804586
2026-03-05,-0.008530831338801404,-0.0074503295510835125,-0.01969921744586808,0.013433508696627289,0.0016376663504562787
2026-03-06,-0.01093213459894777,-0.007874573956311165,-0.013961698322916757,-0.004196959457124567,-0.030570537605429608
2026-03-09,0.009355669414157603,0.026627627153555825,0.0015188647848769497,0.001099767241845775,0.026799887586009843
2026-03-10,0.003648874557014285,0.0022172268624518696,-0.0041130934450325195,-0.00895519345973096,0.011540154718599876
2026-03-11,-7.670972662595488e-05,0.005391910962074921,-0.004199636373271189,-0.002171161078240015,0.006850206049899695
2026-03-12,-0.01955265956550369,-0.016823669689253397,-0.016234147555855092,-0.007486996517855703,-0.015657060121153334
2026-03-13,-0.022298653634479734,-0.004192565248006616,0.0019422620420011581,-0.015826551578985888,-0.01590610818182284
2026-03-16,0.010737011185857437,0.010792414569018182,0.009550618570554082,0.011062368643045354,0.016342847084503342
2026-03-17,0.005561553592463054,0.017389536865903873,0.0025477887165774237,-0.0013511210133195113,-0.0070656657992947056
2026-03-18,-0.01701844043493601,-0.010442897002126443,0.0029583227196851086,-0.019262435829129988,-0.008445383654979509
2026-03-19,-0.003928637969992707,-0.0018216639236959455,0.0007990916845014822,-0.007095289098823652,-0.01025190827509175
2026-03-20,-0.003903854649620781,-0.020160861874423845,-0.004908409284809593,-0.01855045253982266,-0.03336869803842486
2026-03-23,0.014014812591042392,0.0035154003067988243,0.011622605478842031,0.0029547673243715392,0.01688047473673104
2026-03-24,0.0005962460475602484,-0.03922864213773997,0.00855221076417148,-0.027153937768180758,-0.002508281134920151
2026-03-25,0.0038868788463975487,0.0016856403134361691,0.010275397589799258,-0.004571152690792659,0.019668294409632546
2026-03-26,0.0010682625170893047,-0.035012684141412065,-0.012809400387150552,-0.013758534009891197,-0.04253034213772591
2026-03-27,-0.016305280196262602,-0.02370177938849612,-0.030707352823342214,-0.02546012506735926,-0.021963340729077872
2026-03-30,-0.00876010970182422,-0.0030665778394265166,0.0032826760283346463,0.00611966014484149,-0.01412753717929103
2026-03-31,0.02861786495948073,0.0501299037635587,0.035959785115019564,0.030751447801748214,0.054376241030536364
2026-04-01,0.007223978636376895,0.03361293234397785,0.004138887261597685,-0.0021635289281511007,0.007711054213118247
2026-04-02,0.0011338123573076417,-0.00546236985934948,-0.0026441690580456417,0.01101201335750153,0.009288164369341389
2026-04-06,0.01142239161475063,0.014167020103907902,0.007985790567573444,-0.0015542218182786648,0.0014083319278955812
2026-04-07,-0.020923456036972127,0.01806970095422138,0.006578354394712921,-0.0015835039189674074,0.002586197577764938
2026-04-08,0.02107802518992581,0.03809194234694082,0.03492436609280152,0.0054646202714657,0.022100936428509733
2026-04-09,0.006122567123347408,0.003680295167503025,0.007633824547559188,-0.003371654917970858,0.010000366429111672
2026-04-10,-3.8345556912621514e-05,-0.003932492250759796,-0.0014833652144623153,-0.0059144890165382935,0.025340922819897742
2026-04-13,-0.0049260673756055485,0.012747827167694627,0.012220495705707442,0.03575403655529446,0.003598419882182361
2026-04-14,-0.0014286068821371361,0.035465812581149565,-0.008194660481557389,0.022483811465560243,0.03732742252058702
2026-04-15,0.028940120889102323,0.012566741391097948,-0.01682238048071303,0.04503888343389864,0.011938027722559098
2026-04-16,-0.011437796552710188,-0.0032682862661814957,0.013054739859327459,0.02174525111320211,-0.002618142636842774
2026-04-17,0.025599724502604514,0.01670395579151272,0.00109633806452379,0.006002043749179862,0.016649068831843635
2026-04-20,0.010381401662850636,-0.012546120124168936,0.02136282523469408,-0.011226740924225686,0.0018824243533806851
2026-04-21,-0.02551957602598669,-0.015320377639346537,-0.01266700629086484,0.014461871447776973,-0.010847460012281651
2026-04-22,0.025959122658055597,0.02093552919072966,6.38606243552674e-05,0.020442188268340603,0.013022675641870152
2026-04-23,0.0009512419139857489,-0.0012680223513810403,-0.004257939203310609,-0.04046886377167461,-0.014224145002446242
2026-04-24,-0.008705485564506114,0.016128140658262267,-0.011000655011127592,0.02111053357014146,0.042319593820825736
2026-04-27,-0.012809554739297997,0.01710034623908102,0.01080814535934668,0.00047093907199736843,0.03926316900565773
2026-04-28,0.011517520751980868,-0.0015997191393576128,-0.0005777514150707867,0.010373913089718178,-0.016008543515173192
2026-04-29,-0.00199669783393996,0.00045733626198783656,-0.007088839621748922,-0.01122176316871562,-0.01856025148587312
2026-04-30,0.004358149393629562,0.09496196887538079,0.012787768771847206,-0.040089887405449304,-0.047364620689692674
2026-05-01,0.03187991038650981,0.002310257253367211,-0.0024293115696581713,0.016200380815886175,-0.005627924828786003
2026-05-04,-0.011885962197690256,-0.006346426569940538,-0.015545715127440862,-0.0019805564528877612,0.00015115400653766738
2026-05-05,0.026204338554427865,0.013425436785244159,0.005672165064678918,-0.005430265418195371,-0.010025886548327728
2026-05-06,0.011649801728447845,0.024439569677288855,0.017620190312561176,0.006251935224948011,0.05605801533201417
2026-05-07,-0.00024353676707370125,-0.00012566941117652967,-0.027788078746934335,0.016317029709620266,0.017504551845002613
2026-05-08,0.020250074126795237,0.007035664510709837,-0.013708921381398452,-0.013518725545446253,0.017342815620265937
2026-05-11,-0.0012634684139431265,-0.030809016368595028,-0.006975633940051706,-0.005943620767689866,0.019511043648370138
2026-05-12,0.007217281916175962,-0.0033248101103760027,0.016135797924926032,-0.011920778009659372,0.0060878673061894135
2026-05-13,0.013711560991706276,0.03866448410806777,-0.015302811621034182,-0.006297779830460884,0.02261578687616553
2026-05-14,-0.002210772244144634,-0.0038571830182491215,-0.0011330191021995365,0.010360489291041258,0.04294701416288998
2026-05-15,0.006750976522238501,-0.010754026086735506,-0.007026750786018751,0.030049788861924314,-0.04520787956784813
2026-05-18,-0.007992466908238653,0.000403174076578059,0.00975719768823339,0.003832278848626929,-0.01340382815362892
2026-05-19,0.003786820722815226,-0.023656465669846777,-0.016867420619867207,-0.014555068940400245,-0.007721378904410611
2026-05-20,0.010911251503184886,0.003219287553663492,0.021015358257061502,0.008682378065394921,0.012880742844460847
2026-05-21,0.009024467670268961,-0.003219287553663458,0.0033719791120669024,-0.002526090592902171,-0.01787941777940302
